STATION,AM_ENTERS,AM_EXITS
JAMAICA CENTER,33067,5697
SUTPHIN-ARCHER,22381,9521
121 ST,1251,253
104 ST,1539,35
WOODHAVEN BLVD,3887,579
75 ST-ELDERTS,3857,295
CRESCENT ST,8213,1198
NORWOOD AV,5637,987
VAN SICLEN AV,4576,786
BROADWAY JCT,5493,2685
CHAUNCEY ST,3605,410
GATES AV,7030,813
MYRTLE AV,10574,1876
MARCY AV,7384,3127
DELANCEY/ESSEX,11395,10759
BOWERY,354,1023
CANAL ST,5204,12597
CHAMBERS ST,1837,7698
FULTON ST,21552,34497
BROAD ST,841,2089